run_id,elapsed_s,kalman_enabled,side,samples,leader_det_rate_pct,follower_det_rate_pct,det_rate_pct,stale_rate_pct,dsteer_mean_abs,dthr_mean_abs,pred_mae,pred_flips,steer_saturated_pct,throttle_saturated_pct,steer_max,throttle_max,steer_cmd_mean,steer_cmd_min,steer_cmd_max,steer_cmd_mean_abs,throttle_cmd_mean,throttle_cmd_min,throttle_cmd_max,throttle_cmd_mean_abs,speed_mps,leader_speed_mps,x_m,z_m,leader_x_m,leader_z_m,formation_size_mean_side_m,formation_size_mean_leader_to_followers_m,pos_error_m,mean_distance,min_distance,distance_error_mean,mean_formation_error,near_miss_count,formation_iou,formation_area_err,centroid_offset_m,per_boat_rms_m,fps
20260613_172715,5.009,1,Left,45,100.000000,0.000000,100.000000,0.000000,0.030447,0.024153,0.053147,9,0.000000,0.000000,0.309724,0.949514,-0.031545,-0.234669,0.309724,0.113483,0.750471,0.240439,0.949514,0.750471,12.755447,17.280034,20.961290,-185.695328,0.164852,-237.769745,47.692966,47.852048,27.236857,247.396834,50.273063,150.155167,0.291145,0,0.310196,533.937555,11.037384,16.868123,219.44
20260613_172715,5.009,1,Right,42,100.000000,0.000000,100.000000,0.000000,0.005906,0.010678,0.008914,1,0.000000,0.000000,0.084448,0.900000,0.013363,-0.079163,0.084448,0.047556,0.857633,0.451543,0.900000,0.857633,17.009709,17.280036,-22.259888,-205.093826,0.164852,-237.769745,47.692966,47.852048,10.571396,237.388196,149.928286,143.685047,0.278047,0,0.310196,533.937555,11.037384,16.868123,219.44
