run_id,elapsed_s,kalman_enabled,side,samples,leader_det_rate_pct,follower_det_rate_pct,det_rate_pct,stale_rate_pct,dsteer_mean_abs,dthr_mean_abs,pred_mae,pred_flips,steer_saturated_pct,throttle_saturated_pct,steer_max,throttle_max,steer_cmd_mean,steer_cmd_min,steer_cmd_max,steer_cmd_mean_abs,throttle_cmd_mean,throttle_cmd_min,throttle_cmd_max,throttle_cmd_mean_abs,speed_mps,leader_speed_mps,x_m,z_m,leader_x_m,leader_z_m,formation_size_mean_side_m,formation_size_mean_leader_to_followers_m,pos_error_m,mean_distance,min_distance,distance_error_mean,mean_formation_error,near_miss_count,formation_iou,formation_area_err,centroid_offset_m,per_boat_rms_m,fps
20260616_184717,5.007,1,Left,50,72.000000,0.000000,72.000000,20.000000,0.067728,0.032270,0.305714,7,0.000000,0.000000,0.776864,0.669964,0.070222,-0.390955,0.776864,0.253049,0.211399,0.000001,0.669964,0.211399,4.614594,13.828721,1.362669,-150.013458,-0.098501,-228.175903,55.331451,73.134834,53.445089,90.911829,54.625481,22.699103,0.381713,0,0.087732,224.555110,31.406782,42.971375,318.23
20260616_184717,5.007,1,Right,49,61.224490,0.000000,61.224490,32.653061,0.008242,0.067474,0.010268,1,0.000000,0.000000,0.111114,0.893941,0.035585,0.000000,0.111114,0.035585,0.350046,0.000000,0.893941,0.350046,6.496211,13.760623,-14.572337,-161.638382,-0.098501,-228.175903,55.331451,73.134834,51.799995,277.605374,211.872823,130.546551,0.233747,0,0.087732,224.555110,31.406782,42.971375,318.23
20260616_184717,10.008,1,Left,88,75.000000,0.000000,75.000000,11.363636,0.063881,0.029982,0.216508,10,0.000000,0.000000,0.814136,0.949976,-0.011458,-0.814136,0.776864,0.265276,0.416473,0.000000,0.949976,0.416473,7.964825,15.320841,14.511224,-191.178253,-10.888231,-295.978455,80.683729,87.376050,82.994201,210.998283,54.625481,125.476561,0.439276,0,0.081155,1764.596397,38.940493,59.771978,385.19
20260616_184717,10.008,1,Right,87,78.160920,0.000000,78.160920,18.390805,0.006922,0.041795,0.006654,2,0.000000,0.000000,0.111114,0.935093,0.008804,-0.051141,0.111114,0.035193,0.591751,0.000000,0.935093,0.591751,12.392560,15.299625,-37.076118,-234.397614,-10.888231,-295.978455,80.683729,87.376050,61.887242,356.027234,211.872823,208.968410,0.262701,0,0.081155,1764.596397,38.940493,59.771978,385.19
