run_id,elapsed_s,kalman_enabled,side,samples,leader_det_rate_pct,follower_det_rate_pct,det_rate_pct,stale_rate_pct,dsteer_mean_abs,dthr_mean_abs,pred_mae,pred_flips,steer_saturated_pct,throttle_saturated_pct,steer_max,throttle_max,steer_cmd_mean,steer_cmd_min,steer_cmd_max,steer_cmd_mean_abs,throttle_cmd_mean,throttle_cmd_min,throttle_cmd_max,throttle_cmd_mean_abs,speed_mps,leader_speed_mps,x_m,z_m,leader_x_m,leader_z_m,formation_size_mean_side_m,formation_size_mean_leader_to_followers_m,pos_error_m,mean_distance,min_distance,distance_error_mean,mean_formation_error,near_miss_count,formation_iou,formation_area_err,centroid_offset_m,per_boat_rms_m,fps
20260613_173342,5.010,1,Left,46,100.000000,0.000000,100.000000,0.000000,0.043009,0.031517,0.075437,7,0.000000,0.000000,0.482822,0.949973,-0.039839,-0.348215,0.482822,0.153866,0.716685,0.240242,0.949973,0.716685,12.965839,15.842568,19.864136,-192.864899,-0.069752,-237.943268,42.782843,41.287481,20.312673,204.094949,34.125278,121.294697,0.327679,0,0.398592,347.126276,6.406438,12.622337,200.89
20260613_173342,5.010,1,Right,45,100.000000,0.000000,100.000000,0.000000,0.005184,0.014319,0.009049,4,0.000000,0.000000,0.084727,0.899968,-0.010260,-0.084727,0.068615,0.052109,0.824381,0.331806,0.899968,0.824381,16.852272,15.856702,-21.497547,-212.471802,-0.069752,-237.943268,42.782843,41.287481,8.084892,198.804486,137.558936,108.224775,0.258238,0,0.398592,347.126276,6.406438,12.622337,200.89
20260613_173342,10.013,1,Left,94,100.000000,0.000000,100.000000,0.000000,0.022974,0.016118,0.037901,9,0.000000,0.000000,0.482822,0.949973,0.008605,-0.348215,0.482822,0.103397,0.810303,0.240242,0.949973,0.810303,16.589680,16.576580,23.664442,-284.101685,-14.744108,-319.974091,39.952335,39.757048,22.556610,265.272450,34.125278,176.397278,0.323698,0,0.500266,144.451320,8.705106,13.541452,353.09
20260613_173342,10.013,1,Right,93,100.000000,0.000000,100.000000,0.000000,0.005056,0.011057,0.007674,5,0.000000,0.000000,0.146064,0.899968,0.025942,-0.084727,0.146064,0.066507,0.767323,0.331806,0.899968,0.767323,17.112350,16.591312,-15.677794,-293.031342,-14.744108,-319.974091,39.952335,39.757048,6.427446,166.028874,109.273036,75.449164,0.225292,0,0.500266,144.451320,8.705106,13.541452,353.09
