run_id,elapsed_s,kalman_enabled,side,samples,leader_det_rate_pct,follower_det_rate_pct,det_rate_pct,stale_rate_pct,dsteer_mean_abs,dthr_mean_abs,pred_mae,pred_flips,steer_saturated_pct,throttle_saturated_pct,steer_max,throttle_max,steer_cmd_mean,steer_cmd_min,steer_cmd_max,steer_cmd_mean_abs,throttle_cmd_mean,throttle_cmd_min,throttle_cmd_max,throttle_cmd_mean_abs,speed_mps,leader_speed_mps,x_m,z_m,leader_x_m,leader_z_m,formation_size_mean_side_m,formation_size_mean_leader_to_followers_m,pos_error_m,mean_distance,min_distance,distance_error_mean,mean_formation_error,near_miss_count,formation_iou,formation_area_err,centroid_offset_m,per_boat_rms_m,fps
20260613_215101,5.009,1,Left,49,83.673469,0.000000,83.673469,10.204082,0.072151,0.051560,0.100176,6,0.000000,0.000000,0.878345,0.946775,0.340042,-0.050000,0.878345,0.346678,0.606208,0.000062,0.946775,0.606208,10.827414,0.130333,-8.126813,-169.910721,0.600000,-152.500031,13.145881,15.278296,43.842571,31.642727,7.489038,24.363435,0.560506,26,0.000000,368.511847,26.547089,34.657593,191.63
20260613_215101,5.009,1,Right,49,100.000000,0.000000,100.000000,2.040816,0.038415,0.042846,0.065830,4,0.000000,0.000000,0.691761,0.894068,-0.190806,-0.691761,0.126292,0.229259,0.347641,0.000358,0.894068,0.347641,7.407870,0.129741,-6.214946,-161.237900,0.600000,-152.500031,13.145881,15.278296,41.003357,46.591577,9.756524,27.861365,0.465822,21,0.000000,368.511847,26.547089,34.657593,191.63
20260613_215101,10.018,1,Left,105,92.380952,0.000000,92.380952,4.761905,0.040749,0.027239,0.054817,12,0.000000,0.000000,0.878345,0.948671,0.387792,-0.050000,0.878345,0.390888,0.770597,0.000062,0.948671,0.770597,15.652464,0.159311,24.878139,-154.172684,0.600000,-152.500031,17.163358,14.125810,29.168395,35.133606,7.489038,27.854314,0.581515,43,0.000000,345.154549,20.919115,25.786875,187.79
20260613_215101,10.018,1,Right,104,100.000000,0.000000,100.000000,0.961538,0.028084,0.023992,0.048940,8,0.000000,0.000000,0.691761,0.894068,-0.142918,-0.691761,0.126292,0.175352,0.192717,0.000000,0.894068,0.192717,4.544199,0.157365,1.732592,-156.248596,0.600000,-152.500031,17.163358,14.125810,33.824451,26.181252,2.926689,26.220853,1.483856,76,0.000000,345.154549,20.919115,25.786875,187.79
