run_id,elapsed_s,kalman_enabled,side,samples,leader_det_rate_pct,follower_det_rate_pct,det_rate_pct,stale_rate_pct,dsteer_mean_abs,dthr_mean_abs,pred_mae,pred_flips,steer_saturated_pct,throttle_saturated_pct,steer_max,throttle_max,steer_cmd_mean,steer_cmd_min,steer_cmd_max,steer_cmd_mean_abs,throttle_cmd_mean,throttle_cmd_min,throttle_cmd_max,throttle_cmd_mean_abs,speed_mps,leader_speed_mps,x_m,z_m,leader_x_m,leader_z_m,formation_size_mean_side_m,formation_size_mean_leader_to_followers_m,pos_error_m,mean_distance,min_distance,distance_error_mean,mean_formation_error,near_miss_count,formation_iou,formation_area_err,centroid_offset_m,per_boat_rms_m,fps
20260616_180937,5.003,0,Left,49,100.000000,0.000000,100.000000,0.000000,0.024449,0.014805,0.028679,3,0.000000,0.000000,0.366809,0.946038,0.013159,-0.128965,0.366809,0.084180,0.879131,0.360000,0.946038,0.879131,16.690019,13.455177,11.868946,-212.747726,0.180130,-225.842773,25.670177,23.989641,12.968373,87.432494,45.666662,60.492839,0.318961,0,0.542623,141.214288,4.152459,7.493376,350.40
20260616_180937,5.003,0,Right,49,100.000000,0.000000,100.000000,0.000000,0.010933,0.037143,0.011469,2,0.000000,0.000000,0.144828,0.897993,-0.011387,-0.144828,0.104864,0.059335,0.671204,0.240061,0.897993,0.671204,13.944578,13.455177,-13.525079,-198.678009,0.180130,-225.842773,25.670177,23.989641,0.522834,138.647901,64.921464,58.822619,0.192424,0,0.542623,141.214288,4.152459,7.493376,350.40
