run_id,elapsed_s,kalman_enabled,side,samples,leader_det_rate_pct,follower_det_rate_pct,det_rate_pct,stale_rate_pct,dsteer_mean_abs,dthr_mean_abs,pred_mae,pred_flips,steer_saturated_pct,throttle_saturated_pct,steer_max,throttle_max,steer_cmd_mean,steer_cmd_min,steer_cmd_max,steer_cmd_mean_abs,throttle_cmd_mean,throttle_cmd_min,throttle_cmd_max,throttle_cmd_mean_abs,speed_mps,leader_speed_mps,x_m,z_m,leader_x_m,leader_z_m,formation_size_mean_side_m,formation_size_mean_leader_to_followers_m,pos_error_m,mean_distance,min_distance,distance_error_mean,mean_formation_error,near_miss_count,formation_iou,formation_area_err,centroid_offset_m,per_boat_rms_m,fps
20260616_184305,5.011,0,Left,45,100.000000,0.000000,100.000000,0.000000,0.032350,0.029887,0.033176,3,0.000000,0.000000,0.454249,0.887698,-0.001985,-0.199911,0.454249,0.110040,0.629247,0.006128,0.887698,0.629247,12.514905,13.077842,20.658907,-187.205322,0.400445,-218.339172,35.162701,35.480794,7.183791,166.031328,41.595619,57.610032,0.235966,0,0.654042,142.921281,3.597502,4.813505,366.63
20260616_184305,5.011,0,Right,44,100.000000,0.000000,100.000000,0.000000,0.007162,0.039485,0.008280,2,0.000000,0.000000,0.071595,0.813232,-0.003999,-0.071595,0.059357,0.033796,0.581067,0.240685,0.813232,0.581067,12.201436,12.984956,-13.864371,-187.678070,0.400445,-218.339172,35.162701,35.480794,4.231150,137.247951,98.259991,26.737443,0.102476,0,0.654042,142.921281,3.597502,4.813505,366.63
