run_id,elapsed_s,kalman_enabled,side,samples,leader_det_rate_pct,follower_det_rate_pct,det_rate_pct,stale_rate_pct,dsteer_mean_abs,dthr_mean_abs,pred_mae,pred_flips,steer_saturated_pct,throttle_saturated_pct,steer_max,throttle_max,steer_cmd_mean,steer_cmd_min,steer_cmd_max,steer_cmd_mean_abs,throttle_cmd_mean,throttle_cmd_min,throttle_cmd_max,throttle_cmd_mean_abs,speed_mps,leader_speed_mps,x_m,z_m,leader_x_m,leader_z_m,formation_size_mean_side_m,formation_size_mean_leader_to_followers_m,pos_error_m,mean_distance,min_distance,distance_error_mean,mean_formation_error,near_miss_count,formation_iou,formation_area_err,centroid_offset_m,per_boat_rms_m,fps
20260613_173510,5.010,1,Left,50,100.000000,0.000000,100.000000,0.000000,0.028304,0.033289,0.047535,6,0.000000,0.000000,0.582671,0.892235,0.188876,-0.050000,0.582671,0.194491,0.343710,0.000010,0.892235,0.343710,6.469672,0.227645,6.495008,-158.225388,0.600000,-152.500031,9.528584,9.689089,32.987556,36.945055,8.667877,23.489247,0.420555,33,0.000000,352.520541,22.953811,29.652493,361.52
20260613_173510,5.010,1,Right,49,97.959184,0.000000,97.959184,10.204082,0.038578,0.047414,0.065252,2,0.000000,0.000000,0.615183,0.897622,-0.224875,-0.615183,0.000000,0.224875,0.472869,0.000996,0.897622,0.472869,9.061346,0.227067,-1.022568,-163.541916,0.600000,-152.500031,9.528584,9.689089,39.365367,47.015738,11.401459,29.888928,0.476090,22,0.000000,352.520541,22.953811,29.652493,361.52
20260613_173510,10.015,1,Left,97,100.000000,0.000000,100.000000,0.000000,0.021661,0.019637,0.035227,10,0.000000,0.000000,0.582671,0.892235,0.132717,-0.055481,0.582671,0.151679,0.183772,0.000000,0.892235,0.183772,3.818256,0.171350,1.646296,-157.385208,0.600000,-152.500031,11.046906,9.620247,33.873472,21.973410,4.431563,22.231527,1.011787,80,0.000000,355.199368,19.781849,30.018002,156.17
20260613_173510,10.015,1,Right,96,61.458333,0.000000,61.458333,9.375000,0.028835,0.033555,0.085258,4,0.000000,0.000000,0.615183,0.897622,-0.145689,-0.615183,0.000000,0.145689,0.279559,0.000000,0.897622,0.279559,6.469544,0.170477,14.835837,-152.997467,0.600000,-152.500031,11.046906,9.620247,39.444001,41.564578,8.121728,27.067361,0.542865,30,0.000000,355.199368,19.781849,30.018002,156.17
