run_id,elapsed_s,kalman_enabled,side,samples,leader_det_rate_pct,follower_det_rate_pct,det_rate_pct,stale_rate_pct,dsteer_mean_abs,dthr_mean_abs,pred_mae,pred_flips,steer_saturated_pct,throttle_saturated_pct,steer_max,throttle_max,steer_cmd_mean,steer_cmd_min,steer_cmd_max,steer_cmd_mean_abs,throttle_cmd_mean,throttle_cmd_min,throttle_cmd_max,throttle_cmd_mean_abs,speed_mps,leader_speed_mps,x_m,z_m,leader_x_m,leader_z_m,formation_size_mean_side_m,formation_size_mean_leader_to_followers_m,pos_error_m,mean_distance,min_distance,distance_error_mean,mean_formation_error,near_miss_count,formation_iou,formation_area_err,centroid_offset_m,per_boat_rms_m,fps
20260616_114634,5.001,0,Left,52,100.000000,0.000000,100.000000,50.000000,0.057649,0.093974,0.056847,5,0.000000,0.000000,0.481994,0.855523,-0.050297,-0.449549,0.481994,0.168402,0.425926,0.002943,0.855523,0.425926,7.770724,13.371732,17.213655,-167.676498,0.029547,-224.856873,48.334910,47.685027,32.054116,174.432434,54.676520,78.754829,0.294739,0,0.277620,494.330281,11.289916,19.236955,337.71
20260616_114634,5.001,0,Right,52,100.000000,0.000000,100.000000,44.230769,0.037895,0.095739,0.041338,15,0.000000,0.000000,0.300606,0.921214,-0.001925,-0.300606,0.142406,0.095304,0.643503,0.183889,0.921214,0.643503,13.396533,13.378376,-22.610521,-197.301422,0.029547,-224.856873,48.334910,47.685027,9.094779,164.667092,125.751319,78.632605,0.258364,0,0.277620,494.330281,11.289916,19.236955,337.71
20260616_114634,10.010,0,Left,96,100.000000,0.000000,100.000000,46.875000,0.051905,0.101263,0.048477,17,0.000000,0.000000,0.481994,0.892982,0.005095,-0.449549,0.481994,0.134624,0.560353,0.002943,0.892982,0.560353,11.965596,15.163027,36.052086,-233.065918,-11.528294,-297.252960,59.603384,58.638328,50.387109,274.038226,54.676520,166.911552,0.314954,0,0.251337,720.425308,19.095126,29.428823,368.41
20260616_114634,10.010,0,Right,96,100.000000,0.000000,100.000000,47.916667,0.031748,0.098258,0.036351,27,0.000000,0.000000,0.300606,0.921214,0.011230,-0.300606,0.203072,0.075524,0.648165,0.183889,0.921214,0.648165,14.400153,15.166625,-18.965948,-260.622894,-11.528294,-297.252960,59.603384,58.638328,7.701048,192.621378,125.751319,106.586891,0.275487,0,0.251337,720.425308,19.095126,29.428823,368.41
