run_id,elapsed_s,kalman_enabled,side,samples,leader_det_rate_pct,follower_det_rate_pct,det_rate_pct,stale_rate_pct,dsteer_mean_abs,dthr_mean_abs,pred_mae,pred_flips,steer_saturated_pct,throttle_saturated_pct,steer_max,throttle_max,steer_cmd_mean,steer_cmd_min,steer_cmd_max,steer_cmd_mean_abs,throttle_cmd_mean,throttle_cmd_min,throttle_cmd_max,throttle_cmd_mean_abs,speed_mps,leader_speed_mps,x_m,z_m,leader_x_m,leader_z_m,formation_size_mean_side_m,formation_size_mean_leader_to_followers_m,pos_error_m,mean_distance,min_distance,distance_error_mean,mean_formation_error,near_miss_count,formation_iou,formation_area_err,centroid_offset_m,per_boat_rms_m,fps
20260617_105358,5.004,0,Left,59,100.000000,0.000000,100.000000,0.000000,0.009156,0.016799,0.008366,2,0.000000,0.000000,0.177109,0.935935,0.049600,-0.084789,0.177109,0.071226,0.828990,0.360000,0.935935,0.828990,16.514592,13.161916,9.038762,-214.100449,0.197341,-223.671738,15.693875,14.283348,17.327656,87.110300,29.424049,55.249612,0.255515,1,0.161435,289.943347,10.055023,13.215217,253.74
20260617_105358,5.004,0,Right,59,100.000000,0.000000,100.000000,5.084746,0.009163,0.038380,0.010107,2,0.000000,0.000000,0.177151,0.917420,-0.044003,-0.177151,0.088809,0.063554,0.755048,0.360000,0.917420,0.755048,15.987786,13.167772,-9.271282,-211.353668,0.197341,-223.671738,15.693875,14.283348,14.955875,89.901969,35.589416,51.673774,0.228315,0,0.161435,289.943347,10.055023,13.215217,253.74
20260617_105358,10.008,0,Left,113,100.000000,0.000000,100.000000,0.000000,0.012898,0.018879,0.010709,4,0.000000,0.000000,0.310779,0.949994,0.033306,-0.310779,0.242335,0.127931,0.802503,0.240100,0.949994,0.802503,16.731883,15.130049,13.003635,-294.365356,-15.088650,-311.764160,35.008211,31.346196,6.952532,85.575319,23.499538,54.920065,0.295038,12,0.543686,98.093248,1.937823,5.676111,375.40
20260617_105358,10.008,0,Right,111,100.000000,0.000000,100.000000,2.702703,0.011594,0.030686,0.011719,4,0.000000,0.000000,0.312159,0.949997,0.008116,-0.177151,0.312159,0.105816,0.759740,0.240250,0.949997,0.759740,16.275874,15.094423,-28.332956,-285.238220,-15.088650,-311.764160,35.008211,31.346196,6.951044,90.052553,31.647237,52.520503,0.272002,0,0.543686,98.093248,1.937823,5.676111,375.40
