run_id,elapsed_s,kalman_enabled,side,samples,leader_det_rate_pct,follower_det_rate_pct,det_rate_pct,stale_rate_pct,dsteer_mean_abs,dthr_mean_abs,pred_mae,pred_flips,steer_saturated_pct,throttle_saturated_pct,steer_max,throttle_max,steer_cmd_mean,steer_cmd_min,steer_cmd_max,steer_cmd_mean_abs,throttle_cmd_mean,throttle_cmd_min,throttle_cmd_max,throttle_cmd_mean_abs,speed_mps,leader_speed_mps,x_m,z_m,leader_x_m,leader_z_m,formation_size_mean_side_m,formation_size_mean_leader_to_followers_m,pos_error_m,mean_distance,min_distance,distance_error_mean,mean_formation_error,near_miss_count,formation_iou,formation_area_err,centroid_offset_m,per_boat_rms_m,fps
20260624_231540,5.008,1,Left,55,100.000000,0.000000,100.000000,0.000000,0.005662,0.023775,0.009118,4,0.000000,0.000000,0.082617,0.826720,-0.001476,-0.082617,0.081086,0.049138,0.613304,0.168000,0.826720,0.613304,11.942646,13.553628,21.433973,-190.966187,-0.032857,-227.688904,34.357142,31.373157,12.670662,192.803066,129.519036,35.483659,0.101630,0,0.585975,13.856612,1.886939,9.774287,338.55
20260624_231540,5.008,1,Right,55,100.000000,0.000000,100.000000,1.818182,0.008700,0.029671,0.015768,6,0.000000,0.000000,0.147209,0.947833,-0.032719,-0.147209,0.058192,0.063437,0.796292,0.371702,0.947833,0.796292,16.291037,13.559893,-12.904299,-212.108505,-0.032857,-227.688904,34.357142,31.373157,11.227839,114.143177,56.148699,81.591094,0.311700,0,0.585975,13.856612,1.886939,9.774287,338.55
20260624_231540,10.017,1,Left,104,100.000000,0.000000,100.000000,0.000000,0.003590,0.015260,0.006215,6,0.000000,0.000000,0.082617,0.852386,0.010417,-0.082617,0.081086,0.037184,0.712199,0.168000,0.852386,0.712199,15.286443,15.309520,16.784672,-286.631134,-16.593998,-316.277374,38.188073,35.526410,14.651314,216.685462,129.519036,58.175383,0.126341,0,0.643269,165.075278,3.027084,9.114467,357.85
20260624_231540,10.017,1,Right,102,100.000000,0.000000,100.000000,0.980392,0.011327,0.028119,0.017091,10,0.000000,0.000000,0.258572,0.949993,0.019278,-0.191725,0.258572,0.104408,0.791293,0.312940,0.949993,0.791293,16.898115,15.274234,-26.422783,-291.765106,-16.593998,-316.277374,38.188073,35.526410,5.878735,94.773313,34.545215,62.221230,0.311737,0,0.643269,165.075278,3.027084,9.114467,357.85
