run_id,elapsed_s,kalman_enabled,side,samples,leader_det_rate_pct,follower_det_rate_pct,det_rate_pct,stale_rate_pct,dsteer_mean_abs,dthr_mean_abs,pred_mae,pred_flips,steer_saturated_pct,throttle_saturated_pct,steer_max,throttle_max,steer_cmd_mean,steer_cmd_min,steer_cmd_max,steer_cmd_mean_abs,throttle_cmd_mean,throttle_cmd_min,throttle_cmd_max,throttle_cmd_mean_abs,speed_mps,leader_speed_mps,x_m,z_m,leader_x_m,leader_z_m,formation_size_mean_side_m,formation_size_mean_leader_to_followers_m,pos_error_m,mean_distance,min_distance,distance_error_mean,mean_formation_error,near_miss_count,formation_iou,formation_area_err,centroid_offset_m,per_boat_rms_m,fps
20260616_184038,5.002,0,Left,52,100.000000,0.000000,100.000000,0.000000,0.032741,0.032816,0.029056,3,0.000000,0.000000,0.753352,0.913244,0.214715,-0.050000,0.753352,0.223387,0.360234,0.000029,0.913244,0.360234,7.750116,0.161213,5.846117,-159.354446,0.600000,-152.500031,14.027609,12.040891,34.253279,38.725643,8.648252,23.982444,0.473172,36,0.000000,323.086433,22.701036,28.251547,197.98
20260616_184038,5.002,0,Right,52,84.615385,0.000000,84.615385,25.000000,0.040014,0.028153,0.036927,1,0.000000,0.000000,0.665090,0.911968,-0.239103,-0.665090,0.000000,0.239103,0.261039,0.000000,0.911968,0.261039,6.624247,0.161068,-12.040078,-161.384628,0.600000,-152.500031,14.027609,12.040891,34.945136,41.520437,10.344817,34.408870,0.783369,29,0.000000,323.086433,22.701036,28.251547,197.98
20260616_184038,10.011,0,Left,100,76.000000,0.000000,76.000000,9.000000,0.040584,0.026009,0.055041,8,0.000000,0.000000,0.753352,0.913244,0.048082,-0.557213,0.753352,0.192142,0.231794,0.000000,0.913244,0.231794,5.410458,0.155148,-8.330387,-158.904251,0.600000,-152.500031,7.764010,8.910323,32.948859,31.619127,8.648252,20.985100,0.512246,60,0.000000,374.633187,21.810036,28.531524,283.72
20260616_184038,10.011,0,Right,100,77.000000,0.000000,77.000000,20.000000,0.033604,0.024098,0.035394,2,0.000000,0.000000,0.665090,0.911968,-0.104906,-0.665090,0.334734,0.169809,0.179799,0.000000,0.911968,0.179799,4.507260,0.155294,-2.884589,-158.375763,0.600000,-152.500031,7.764010,8.910323,36.830915,31.527607,8.871535,26.169177,0.676361,62,0.000000,374.633187,21.810036,28.531524,283.72
