run_id,elapsed_s,kalman_enabled,side,samples,leader_det_rate_pct,follower_det_rate_pct,det_rate_pct,stale_rate_pct,dsteer_mean_abs,dthr_mean_abs,pred_mae,pred_flips,steer_saturated_pct,throttle_saturated_pct,steer_max,throttle_max,steer_cmd_mean,steer_cmd_min,steer_cmd_max,steer_cmd_mean_abs,throttle_cmd_mean,throttle_cmd_min,throttle_cmd_max,throttle_cmd_mean_abs,speed_mps,leader_speed_mps,x_m,z_m,leader_x_m,leader_z_m,formation_size_mean_side_m,formation_size_mean_leader_to_followers_m,pos_error_m,mean_distance,min_distance,distance_error_mean,mean_formation_error,near_miss_count,formation_iou,formation_area_err,centroid_offset_m,per_boat_rms_m,fps
20260624_232048,5.013,1,Left,47,100.000000,0.000000,100.000000,0.000000,0.010426,0.016765,0.014909,6,0.000000,0.000000,0.158401,0.919978,0.041659,-0.055128,0.158401,0.066735,0.836693,0.360000,0.919978,0.836693,16.522502,13.414508,11.061367,-212.438797,0.069355,-225.597488,33.593642,31.259930,13.143684,94.427541,56.160819,70.426005,0.328837,0,0.471034,70.449033,2.069986,12.468542,326.86
20260624_232048,5.013,1,Right,47,100.000000,0.000000,100.000000,0.000000,0.017974,0.040261,0.044381,9,0.000000,0.000000,0.231528,0.858256,0.021775,-0.231528,0.157599,0.092826,0.519879,0.240001,0.858256,0.519879,10.234746,13.414508,-11.893762,-181.828812,0.069355,-225.597488,33.593642,31.259930,17.135845,261.946033,165.420841,61.109227,0.155186,0,0.471034,70.449033,2.069986,12.468542,326.86
20260624_232048,10.025,1,Left,95,100.000000,0.000000,100.000000,0.000000,0.012223,0.012873,0.015508,12,0.000000,0.000000,0.266565,0.921221,0.043077,-0.163638,0.266565,0.113156,0.832936,0.360000,0.921221,0.832936,17.813412,15.367845,3.880142,-305.605103,-15.940608,-313.924255,38.442854,32.924150,12.232298,70.460392,36.900615,46.458856,0.309475,0,0.449647,86.961196,4.403619,11.566243,343.57
20260624_232048,10.025,1,Right,94,100.000000,0.000000,100.000000,0.000000,0.011293,0.025849,0.025190,12,0.000000,0.000000,0.231528,0.864822,0.004483,-0.231528,0.157599,0.065203,0.649890,0.240001,0.864822,0.649890,14.556167,15.347503,-33.514019,-273.201813,-15.940608,-313.924255,38.442854,32.924150,15.865207,280.159478,165.420841,75.574408,0.152252,0,0.449647,86.961196,4.403619,11.566243,343.57
