run_id,elapsed_s,kalman_enabled,side,samples,leader_det_rate_pct,follower_det_rate_pct,det_rate_pct,stale_rate_pct,dsteer_mean_abs,dthr_mean_abs,pred_mae,pred_flips,steer_saturated_pct,throttle_saturated_pct,steer_max,throttle_max,steer_cmd_mean,steer_cmd_min,steer_cmd_max,steer_cmd_mean_abs,throttle_cmd_mean,throttle_cmd_min,throttle_cmd_max,throttle_cmd_mean_abs,speed_mps,leader_speed_mps,x_m,z_m,leader_x_m,leader_z_m,formation_size_mean_side_m,formation_size_mean_leader_to_followers_m,pos_error_m,mean_distance,min_distance,distance_error_mean,mean_formation_error,near_miss_count,formation_iou,formation_area_err,centroid_offset_m,per_boat_rms_m,fps
20260616_183707,5.001,0,Left,48,100.000000,0.000000,100.000000,0.000000,0.042264,0.043677,0.048541,5,0.000000,0.000000,0.395617,0.902213,-0.007883,-0.200018,0.395617,0.123175,0.680916,0.096000,0.902213,0.680916,12.793508,13.718054,15.573761,-191.944351,-0.239466,-224.954910,33.963820,34.588408,8.108814,131.392825,46.454710,53.004363,0.236284,0,0.595834,105.002777,3.367227,5.089216,274.68
20260616_183707,5.001,0,Right,47,100.000000,0.000000,100.000000,0.000000,0.005493,0.026177,0.007403,2,0.000000,0.000000,0.070376,0.825058,-0.008623,-0.070376,0.058716,0.037570,0.640224,0.128864,0.825058,0.640224,13.724610,13.797499,-16.765757,-196.884338,-0.239466,-224.954910,33.963820,34.588408,3.456512,157.836578,123.758894,26.938904,0.093326,0,0.595834,105.002777,3.367227,5.089216,274.68
