run_id,elapsed_s,kalman_enabled,side,samples,leader_det_rate_pct,follower_det_rate_pct,det_rate_pct,stale_rate_pct,dsteer_mean_abs,dthr_mean_abs,pred_mae,pred_flips,steer_saturated_pct,throttle_saturated_pct,steer_max,throttle_max,steer_cmd_mean,steer_cmd_min,steer_cmd_max,steer_cmd_mean_abs,throttle_cmd_mean,throttle_cmd_min,throttle_cmd_max,throttle_cmd_mean_abs,speed_mps,leader_speed_mps,x_m,z_m,leader_x_m,leader_z_m,formation_size_mean_side_m,formation_size_mean_leader_to_followers_m,pos_error_m,mean_distance,min_distance,distance_error_mean,mean_formation_error,near_miss_count,formation_iou,formation_area_err,centroid_offset_m,per_boat_rms_m,fps
20260613_173450,5.012,1,Left,56,100.000000,0.000000,100.000000,0.000000,0.024172,0.012766,0.059730,3,0.000000,0.000000,0.493472,0.240000,0.045242,-0.108946,0.493472,0.086996,0.130448,0.000000,0.240000,0.130448,2.832198,0.218891,11.136594,-143.523956,0.600000,-152.500031,17.340944,14.328986,17.580711,53.107450,32.047524,49.688413,0.525293,0,0.089306,292.866375,11.854007,14.784588,191.96
20260613_173450,5.012,1,Right,55,100.000000,0.000000,100.000000,0.000000,0.004798,0.009384,0.007000,3,0.000000,0.000000,0.128683,0.410154,-0.059537,-0.128683,0.000000,0.059537,0.125338,0.000000,0.410154,0.125338,3.073721,0.221551,-12.181234,-145.005692,0.600000,-152.500031,17.340944,14.328986,18.619097,66.036507,34.769301,49.746222,0.518509,0,0.089306,292.866375,11.854007,14.784588,191.96
