run_id,elapsed_s,kalman_enabled,side,samples,leader_det_rate_pct,follower_det_rate_pct,det_rate_pct,stale_rate_pct,dsteer_mean_abs,dthr_mean_abs,pred_mae,pred_flips,steer_saturated_pct,throttle_saturated_pct,steer_max,throttle_max,steer_cmd_mean,steer_cmd_min,steer_cmd_max,steer_cmd_mean_abs,throttle_cmd_mean,throttle_cmd_min,throttle_cmd_max,throttle_cmd_mean_abs,speed_mps,leader_speed_mps,x_m,z_m,leader_x_m,leader_z_m,formation_size_mean_side_m,formation_size_mean_leader_to_followers_m,pos_error_m,mean_distance,min_distance,distance_error_mean,mean_formation_error,near_miss_count,formation_iou,formation_area_err,centroid_offset_m,per_boat_rms_m,fps
20260624_232246,5.006,1,Left,48,100.000000,0.000000,100.000000,0.000000,0.005884,0.015202,0.009571,6,0.000000,0.000000,0.100198,0.889092,0.020782,-0.066108,0.100198,0.055563,0.767409,0.340873,0.889092,0.767409,14.749101,13.650754,18.528267,-203.820114,-0.054381,-226.871033,34.393232,33.008389,2.932992,141.413241,120.551435,64.820103,0.216734,0,0.762929,108.661354,1.211446,4.124314,362.99
20260624_232246,5.006,1,Right,48,100.000000,0.000000,100.000000,0.000000,0.006411,0.031812,0.013320,6,0.000000,0.000000,0.087729,0.842751,-0.006725,-0.087729,0.061218,0.044638,0.624301,0.289878,0.842751,0.624301,12.996180,13.657951,-17.559900,-194.947311,-0.054381,-226.871033,34.393232,33.008389,6.513636,176.413220,125.760331,44.161052,0.128956,0,0.762929,108.661354,1.211446,4.124314,362.99
