run_id,elapsed_s,kalman_enabled,side,samples,leader_det_rate_pct,follower_det_rate_pct,det_rate_pct,stale_rate_pct,dsteer_mean_abs,dthr_mean_abs,pred_mae,pred_flips,steer_saturated_pct,throttle_saturated_pct,steer_max,throttle_max,steer_cmd_mean,steer_cmd_min,steer_cmd_max,steer_cmd_mean_abs,throttle_cmd_mean,throttle_cmd_min,throttle_cmd_max,throttle_cmd_mean_abs,speed_mps,leader_speed_mps,x_m,z_m,leader_x_m,leader_z_m,formation_size_mean_side_m,formation_size_mean_leader_to_followers_m,pos_error_m,mean_distance,min_distance,distance_error_mean,mean_formation_error,near_miss_count,formation_iou,formation_area_err,centroid_offset_m,per_boat_rms_m,fps
20260616_184514,5.006,1,Left,54,100.000000,0.000000,100.000000,12.962963,0.068602,0.041256,0.237353,7,0.000000,0.000000,0.911032,0.949915,0.380818,-0.193569,0.911032,0.395350,0.824399,0.360000,0.949915,0.824399,15.364621,13.208427,-35.028290,-146.164902,0.214187,-222.132538,67.079200,87.307940,53.792543,145.494426,88.321180,111.674080,0.540871,0,0.081246,716.920130,41.526585,51.331090,270.16
20260616_184514,5.006,1,Right,53,1.886792,0.000000,1.886792,0.000000,0.000000,0.006792,0.000000,0,0.000000,0.000000,0.000000,0.360000,0.000000,0.000000,0.000000,0.000000,0.011321,0.000000,0.360000,0.011321,0.499177,13.297474,-12.400000,-132.140762,0.214187,-222.132538,67.079200,87.307940,70.788449,144.675926,144.675926,108.506944,0.302813,0,0.081246,716.920130,41.526585,51.331090,270.16
