run_id,elapsed_s,kalman_enabled,side,samples,leader_det_rate_pct,follower_det_rate_pct,det_rate_pct,stale_rate_pct,dsteer_mean_abs,dthr_mean_abs,pred_mae,pred_flips,steer_saturated_pct,throttle_saturated_pct,steer_max,throttle_max,steer_cmd_mean,steer_cmd_min,steer_cmd_max,steer_cmd_mean_abs,throttle_cmd_mean,throttle_cmd_min,throttle_cmd_max,throttle_cmd_mean_abs,speed_mps,leader_speed_mps,x_m,z_m,leader_x_m,leader_z_m,formation_size_mean_side_m,formation_size_mean_leader_to_followers_m,pos_error_m,mean_distance,min_distance,distance_error_mean,mean_formation_error,near_miss_count,formation_iou,formation_area_err,centroid_offset_m,per_boat_rms_m,fps
20260628_185215,5.005,1,Left,58,100.000000,0.000000,100.000000,0.000000,0.008314,0.028168,0.011613,8,0.000000,0.000000,0.126635,0.864373,0.014818,-0.068677,0.126635,0.053981,0.678029,0.310812,0.864373,0.678029,13.797665,13.135822,15.106339,-197.599136,0.214187,-223.314545,28.744461,28.962878,1.299711,121.327957,87.420223,37.994624,0.152158,0,0.883302,32.567055,0.527250,1.302822,269.73
20260628_185215,5.005,1,Right,57,100.000000,0.000000,100.000000,0.000000,0.008533,0.032209,0.015252,6,0.000000,0.000000,0.130147,0.899052,-0.017528,-0.130147,0.077029,0.055048,0.660439,0.240816,0.899052,0.660439,13.935744,13.124421,-13.187214,-198.491653,0.214187,-223.314545,28.744461,28.962878,1.844664,123.587024,66.164803,56.117006,0.202454,0,0.883302,32.567055,0.527250,1.302822,269.73
