run_id,elapsed_s,kalman_enabled,side,samples,leader_det_rate_pct,follower_det_rate_pct,det_rate_pct,stale_rate_pct,dsteer_mean_abs,dthr_mean_abs,pred_mae,pred_flips,steer_saturated_pct,throttle_saturated_pct,steer_max,throttle_max,steer_cmd_mean,steer_cmd_min,steer_cmd_max,steer_cmd_mean_abs,throttle_cmd_mean,throttle_cmd_min,throttle_cmd_max,throttle_cmd_mean_abs,speed_mps,leader_speed_mps,x_m,z_m,leader_x_m,leader_z_m,formation_size_mean_side_m,formation_size_mean_leader_to_followers_m,pos_error_m,mean_distance,min_distance,distance_error_mean,mean_formation_error,near_miss_count,formation_iou,formation_area_err,centroid_offset_m,per_boat_rms_m,fps
20260613_173606,5.015,1,Left,54,100.000000,0.000000,100.000000,0.000000,0.050327,0.030411,0.086986,10,0.000000,0.000000,0.631491,0.949999,-0.051043,-0.450216,0.631491,0.217516,0.838809,0.341712,0.949999,0.838809,15.761383,17.280035,19.043221,-206.050751,-0.261009,-246.757034,42.117282,41.578198,16.002772,175.114925,27.043098,139.628436,0.414104,1,0.400378,367.637823,6.883524,10.944736,197.08
20260613_173606,5.015,1,Right,54,100.000000,0.000000,100.000000,0.000000,0.004024,0.009531,0.007440,2,0.000000,0.000000,0.071575,0.900000,0.000522,-0.069997,0.071575,0.046914,0.863383,0.385322,0.900000,0.863383,17.473827,17.280036,-22.955551,-216.147781,-0.261009,-246.757034,42.117282,41.578198,10.162333,231.652135,133.779089,159.314172,0.311692,0,0.400378,367.637823,6.883524,10.944736,197.08
