run_id,elapsed_s,kalman_enabled,side,samples,leader_det_rate_pct,follower_det_rate_pct,det_rate_pct,stale_rate_pct,dsteer_mean_abs,dthr_mean_abs,pred_mae,pred_flips,steer_saturated_pct,throttle_saturated_pct,steer_max,throttle_max,steer_cmd_mean,steer_cmd_min,steer_cmd_max,steer_cmd_mean_abs,throttle_cmd_mean,throttle_cmd_min,throttle_cmd_max,throttle_cmd_mean_abs,speed_mps,leader_speed_mps,x_m,z_m,leader_x_m,leader_z_m,formation_size_mean_side_m,formation_size_mean_leader_to_followers_m,pos_error_m,mean_distance,min_distance,distance_error_mean,mean_formation_error,near_miss_count,formation_iou,formation_area_err,centroid_offset_m,per_boat_rms_m,fps
20260616_183442,5.012,0,Left,51,100.000000,0.000000,100.000000,0.000000,0.015916,0.043300,0.020393,4,0.000000,0.000000,0.232032,0.880355,0.009130,-0.123315,0.232032,0.054321,0.652174,0.264301,0.880355,0.652174,12.613763,13.657348,14.144472,-194.066528,-0.264208,-224.112854,31.820225,32.617179,5.614267,116.341915,63.324954,24.860104,0.113772,0,0.664523,46.651513,2.550576,3.581134,273.32
20260616_183442,5.012,0,Right,51,100.000000,0.000000,100.000000,0.000000,0.004800,0.024179,0.006633,2,0.000000,0.000000,0.067161,0.814071,-0.006808,-0.067161,0.052566,0.032771,0.621724,0.117231,0.814071,0.621724,13.101176,13.657348,-15.995619,-196.348007,-0.264208,-224.112854,31.820225,32.617179,2.636964,153.581082,122.890771,22.933956,0.081979,0,0.664523,46.651513,2.550576,3.581134,273.32
20260616_183442,10.017,0,Left,105,100.000000,0.000000,100.000000,0.000000,0.029530,0.056809,0.038996,10,0.000000,0.000000,0.562736,0.925983,0.018682,-0.123315,0.562736,0.074519,0.672424,0.080386,0.925983,0.672424,14.608276,15.520431,10.403247,-274.714020,-17.147919,-310.821411,35.788597,37.871083,16.845740,127.675048,39.986178,41.716980,0.174263,0,0.459337,88.427277,6.208922,9.868969,345.35
20260616_183442,10.017,0,Right,105,100.000000,0.000000,100.000000,0.000000,0.008065,0.017174,0.012829,5,0.000000,0.000000,0.166253,0.814071,0.023305,-0.166253,0.103977,0.049918,0.678212,0.117231,0.814071,0.678212,15.256498,15.520431,-20.648642,-280.700165,-17.147919,-310.821411,35.788597,37.871083,2.900120,158.286371,122.890771,26.533463,0.107182,0,0.459337,88.427277,6.208922,9.868969,345.35
