run_id,elapsed_s,kalman_enabled,side,samples,leader_det_rate_pct,follower_det_rate_pct,det_rate_pct,stale_rate_pct,dsteer_mean_abs,dthr_mean_abs,pred_mae,pred_flips,steer_saturated_pct,throttle_saturated_pct,steer_max,throttle_max,steer_cmd_mean,steer_cmd_min,steer_cmd_max,steer_cmd_mean_abs,throttle_cmd_mean,throttle_cmd_min,throttle_cmd_max,throttle_cmd_mean_abs,speed_mps,leader_speed_mps,x_m,z_m,leader_x_m,leader_z_m,formation_size_mean_side_m,formation_size_mean_leader_to_followers_m,pos_error_m,mean_distance,min_distance,distance_error_mean,mean_formation_error,near_miss_count,formation_iou,formation_area_err,centroid_offset_m,per_boat_rms_m,fps
20260616_103648,5.008,0,Left,62,100.000000,0.000000,100.000000,20.967742,0.018367,0.023174,0.020859,3,0.000000,0.000000,0.438869,0.436604,0.054145,-0.023965,0.438869,0.056429,0.121208,0.000000,0.436604,0.121208,2.760816,0.219739,11.938500,-144.158737,0.600000,-152.500031,17.405012,13.649558,18.015478,55.592360,32.095482,38.418073,0.401703,0,0.043737,320.266603,13.639960,17.022861,304.51
20260616_103648,5.008,0,Right,62,100.000000,0.000000,100.000000,17.741935,0.021077,0.024075,0.010527,1,0.000000,0.000000,0.268790,0.795505,-0.094931,-0.268790,0.018331,0.096425,0.147176,0.000000,0.795505,0.147176,3.822021,0.220284,-12.337713,-149.768417,0.600000,-152.500031,17.405012,13.649558,23.340436,47.532443,22.279861,47.595955,0.721969,40,0.043737,320.266603,13.639960,17.022861,304.51
20260616_103648,10.019,0,Left,117,100.000000,0.000000,100.000000,28.205128,0.010522,0.012280,0.011617,4,0.000000,0.000000,0.438869,0.436604,0.027272,-0.023965,0.438869,0.032635,0.064230,0.000000,0.436604,0.064230,1.522710,0.173771,11.931910,-144.193192,0.600000,-152.500031,17.391719,13.636216,18.050553,45.151479,32.095482,46.637933,0.531835,0,0.043441,320.524277,13.653026,17.037299,331.36
20260616_103648,10.019,0,Right,116,100.000000,0.000000,100.000000,20.689655,0.011834,0.012867,0.006044,2,0.000000,0.000000,0.268790,0.795505,-0.047020,-0.268790,0.027319,0.055256,0.078663,0.000000,0.795505,0.078663,2.088246,0.175023,-12.337665,-149.772934,0.600000,-152.500031,17.391719,13.636216,23.344939,39.055578,22.279861,49.672800,0.720517,90,0.043441,320.524277,13.653026,17.037299,331.36
