run_id,elapsed_s,kalman_enabled,side,samples,leader_det_rate_pct,follower_det_rate_pct,det_rate_pct,stale_rate_pct,dsteer_mean_abs,dthr_mean_abs,pred_mae,pred_flips,steer_saturated_pct,throttle_saturated_pct,steer_max,throttle_max,steer_cmd_mean,steer_cmd_min,steer_cmd_max,steer_cmd_mean_abs,throttle_cmd_mean,throttle_cmd_min,throttle_cmd_max,throttle_cmd_mean_abs,speed_mps,leader_speed_mps,x_m,z_m,leader_x_m,leader_z_m,formation_size_mean_side_m,formation_size_mean_leader_to_followers_m,pos_error_m,mean_distance,min_distance,distance_error_mean,mean_formation_error,near_miss_count,formation_iou,formation_area_err,centroid_offset_m,per_boat_rms_m,fps
20260616_193038,5.010,1,Left,53,100.000000,0.000000,100.000000,0.000000,0.006204,0.023465,0.008224,4,0.000000,0.000000,0.084362,0.823264,0.000775,-0.076907,0.084362,0.048211,0.585062,0.168000,0.823264,0.585062,11.778961,13.441871,21.245583,-189.587906,0.029547,-225.734985,33.349128,32.013513,12.025220,184.728024,127.119503,28.315491,0.089874,0,0.672691,8.489834,2.864211,8.316892,264.89
20260616_193038,5.010,1,Right,52,100.000000,0.000000,100.000000,1.923077,0.012059,0.037321,0.018499,6,0.000000,0.000000,0.167225,0.936606,-0.025990,-0.167225,0.132302,0.062887,0.731688,0.413354,0.936606,0.731688,15.180538,13.374607,-10.631314,-206.360794,0.029547,-225.734985,33.349128,32.013513,7.931342,102.118600,46.420063,63.633379,0.262504,0,0.672691,8.489834,2.864211,8.316892,264.89
