run_id,elapsed_s,kalman_enabled,side,samples,leader_det_rate_pct,follower_det_rate_pct,det_rate_pct,stale_rate_pct,dsteer_mean_abs,dthr_mean_abs,pred_mae,pred_flips,steer_saturated_pct,throttle_saturated_pct,steer_max,throttle_max,steer_cmd_mean,steer_cmd_min,steer_cmd_max,steer_cmd_mean_abs,throttle_cmd_mean,throttle_cmd_min,throttle_cmd_max,throttle_cmd_mean_abs,speed_mps,leader_speed_mps,x_m,z_m,leader_x_m,leader_z_m,formation_size_mean_side_m,formation_size_mean_leader_to_followers_m,pos_error_m,mean_distance,min_distance,distance_error_mean,mean_formation_error,near_miss_count,formation_iou,formation_area_err,centroid_offset_m,per_boat_rms_m,fps
20260616_184530,5.011,1,Left,52,100.000000,0.000000,100.000000,5.769231,0.068580,0.035217,0.168371,9,0.000000,0.000000,0.768165,0.698612,0.213736,-0.592777,0.768165,0.337836,0.280226,0.038307,0.698612,0.280226,5.414430,13.712104,-4.720582,-148.228516,-0.144037,-228.016357,63.174277,86.999702,53.655103,91.098542,53.536538,29.238867,0.351734,0,0.039663,114.220114,40.950034,52.825194,298.97
20260616_184530,5.011,1,Right,50,12.000000,0.000000,12.000000,10.000000,0.000000,0.007883,0.003343,0,0.000000,0.000000,0.000000,0.394171,0.000000,0.000000,0.000000,0.000000,0.032476,0.000000,0.394171,0.032476,0.899059,13.571666,-12.400000,-134.737656,-0.144037,-228.016357,63.174277,86.999702,74.112303,177.769877,177.769877,36.367162,0.091983,0,0.039663,114.220114,40.950034,52.825194,298.97
