run_id,elapsed_s,kalman_enabled,side,samples,leader_det_rate_pct,follower_det_rate_pct,det_rate_pct,stale_rate_pct,dsteer_mean_abs,dthr_mean_abs,pred_mae,pred_flips,steer_saturated_pct,throttle_saturated_pct,steer_max,throttle_max,steer_cmd_mean,steer_cmd_min,steer_cmd_max,steer_cmd_mean_abs,throttle_cmd_mean,throttle_cmd_min,throttle_cmd_max,throttle_cmd_mean_abs,speed_mps,leader_speed_mps,x_m,z_m,leader_x_m,leader_z_m,formation_size_mean_side_m,formation_size_mean_leader_to_followers_m,pos_error_m,mean_distance,min_distance,distance_error_mean,mean_formation_error,near_miss_count,formation_iou,formation_area_err,centroid_offset_m,per_boat_rms_m,fps
20260616_183421,5.012,0,Left,55,100.000000,0.000000,100.000000,0.000000,0.026550,0.024287,0.027622,3,0.000000,0.000000,0.460390,0.897017,-0.005362,-0.200316,0.460390,0.105092,0.713430,0.040660,0.897017,0.713430,14.178861,13.966852,19.770294,-195.494415,-0.289336,-224.606369,32.335234,32.235080,5.365646,159.690924,41.063209,63.396128,0.232745,0,0.842717,54.608744,1.833434,3.152005,232.68
20260616_183421,5.012,0,Right,55,100.000000,0.000000,100.000000,0.000000,0.006958,0.032266,0.007807,2,0.000000,0.000000,0.090060,0.852462,-0.003591,-0.090060,0.073818,0.042576,0.656589,0.240179,0.852462,0.656589,13.976224,13.966852,-12.648896,-198.243500,-0.289336,-224.606369,32.335234,32.235080,1.007594,121.605669,77.848832,32.430591,0.134584,0,0.842717,54.608744,1.833434,3.152005,232.68
