run_id,elapsed_s,kalman_enabled,side,samples,leader_det_rate_pct,follower_det_rate_pct,det_rate_pct,stale_rate_pct,dsteer_mean_abs,dthr_mean_abs,pred_mae,pred_flips,steer_saturated_pct,throttle_saturated_pct,steer_max,throttle_max,steer_cmd_mean,steer_cmd_min,steer_cmd_max,steer_cmd_mean_abs,throttle_cmd_mean,throttle_cmd_min,throttle_cmd_max,throttle_cmd_mean_abs,speed_mps,leader_speed_mps,x_m,z_m,leader_x_m,leader_z_m,formation_size_mean_side_m,formation_size_mean_leader_to_followers_m,pos_error_m,mean_distance,min_distance,distance_error_mean,mean_formation_error,near_miss_count,formation_iou,formation_area_err,centroid_offset_m,per_boat_rms_m,fps
20260720_113144,5.004,1,Left,34,35.294118,0.000000,35.294118,8.823529,0.009789,0.044125,0.024799,0,0.000000,0.000000,0.332814,0.930130,-0.100921,-0.332814,0.000000,0.100921,0.273274,0.000000,0.930130,0.273274,6.093652,20.179592,21.354780,-156.904404,-94.851936,-215.110718,96.988481,124.055066,110.692565,167.151236,141.433760,159.346541,0.572348,0,0.000000,2126.843754,81.538291,101.753046,46.41
20260720_113144,5.004,1,Right,32,0.000000,0.000000,0.000000,0.000000,0.000000,0.000000,0.000000,0,0.000000,0.000000,0.000000,0.000000,0.000000,0.000000,0.000000,0.000000,0.000000,0.000000,0.000000,0.000000,1.409537,20.180535,-12.400000,-130.500000,-94.851936,-215.110718,96.988481,124.055066,137.143003,0.000000,0.000000,0.000000,0.000000,0,0.000000,2126.843754,81.538291,101.753046,46.41
20260720_113144,10.024,1,Left,70,17.142857,0.000000,17.142857,4.285714,0.004754,0.021432,0.024799,0,0.000000,0.000000,0.332814,0.930130,-0.049019,-0.332814,0.000000,0.049019,0.132733,0.000000,0.930130,0.132733,3.667456,20.173175,21.360592,-156.915894,-72.080254,-129.832367,66.612564,78.485362,111.766212,167.151236,141.433760,159.346541,0.572348,0,0.000000,387.272343,67.097944,82.682167,58.72
20260720_113144,10.024,1,Right,68,0.000000,0.000000,0.000000,0.000000,0.000000,0.000000,0.000000,0,0.000000,0.000000,0.000000,0.000000,0.000000,0.000000,0.000000,0.000000,0.000000,0.000000,0.000000,0.000000,1.360311,20.173472,-12.400000,-130.500000,-72.080254,-129.832367,66.612564,78.485362,89.539578,0.000000,0.000000,0.000000,0.000000,0,0.000000,387.272343,67.097944,82.682167,58.72
