run_id,elapsed_s,kalman_enabled,side,samples,leader_det_rate_pct,follower_det_rate_pct,det_rate_pct,stale_rate_pct,dsteer_mean_abs,dthr_mean_abs,pred_mae,pred_flips,steer_saturated_pct,throttle_saturated_pct,steer_max,throttle_max,steer_cmd_mean,steer_cmd_min,steer_cmd_max,steer_cmd_mean_abs,throttle_cmd_mean,throttle_cmd_min,throttle_cmd_max,throttle_cmd_mean_abs,speed_mps,leader_speed_mps,x_m,z_m,leader_x_m,leader_z_m,formation_size_mean_side_m,formation_size_mean_leader_to_followers_m,pos_error_m,mean_distance,min_distance,distance_error_mean,mean_formation_error,near_miss_count,formation_iou,formation_area_err,centroid_offset_m,per_boat_rms_m,fps
20260720_135523,5.005,1,Left,35,100.000000,0.000000,100.000000,17.142857,0.069014,0.068156,0.087301,1,0.000000,0.000000,0.856372,0.926506,0.381752,0.000000,0.856372,0.381752,0.587462,0.148547,0.926506,0.587462,10.395166,0.191754,0.594450,-163.412018,0.600000,-152.500031,12.026809,14.228999,39.823467,18.327430,9.237706,10.446961,0.466752,28,0.000000,363.980679,26.637188,35.653671,229.51
20260720_135523,5.005,1,Right,35,100.000000,0.000000,100.000000,22.857143,0.045454,0.079984,0.078791,3,0.000000,0.000000,0.613894,0.919981,-0.284925,-0.613894,0.000000,0.284925,0.496155,0.017851,0.919981,0.496155,10.376639,0.191754,-4.124647,-169.397964,0.600000,-152.500031,12.026809,14.228999,47.197926,35.834764,12.801475,19.475631,0.420583,22,0.000000,363.980679,26.637188,35.653671,229.51
