run_id,elapsed_s,kalman_enabled,side,samples,leader_det_rate_pct,follower_det_rate_pct,det_rate_pct,stale_rate_pct,dsteer_mean_abs,dthr_mean_abs,pred_mae,pred_flips,steer_saturated_pct,throttle_saturated_pct,steer_max,throttle_max,steer_cmd_mean,steer_cmd_min,steer_cmd_max,steer_cmd_mean_abs,throttle_cmd_mean,throttle_cmd_min,throttle_cmd_max,throttle_cmd_mean_abs,speed_mps,leader_speed_mps,x_m,z_m,leader_x_m,leader_z_m,formation_size_mean_side_m,formation_size_mean_leader_to_followers_m,pos_error_m,mean_distance,min_distance,distance_error_mean,mean_formation_error,near_miss_count,formation_iou,formation_area_err,centroid_offset_m,per_boat_rms_m,fps
20260613_175837,5.008,1,Left,53,100.000000,0.000000,100.000000,0.000000,0.038009,0.025272,0.072754,7,0.000000,0.000000,0.491010,0.949993,-0.036425,-0.340665,0.491010,0.148023,0.678204,0.006466,0.949993,0.678204,12.370752,17.280036,23.734661,-192.376572,-0.862751,-244.572922,49.021586,47.853654,28.587323,255.094661,33.783924,158.703609,0.346095,0,0.310807,567.918506,10.463659,17.513155,135.39
20260613_175837,5.008,1,Right,52,100.000000,0.000000,100.000000,0.000000,0.004556,0.011583,0.007479,2,0.000000,0.000000,0.079064,0.900000,0.001522,-0.069985,0.079064,0.045187,0.832150,0.321324,0.900000,0.832150,16.626290,17.280036,-22.996918,-213.677917,-0.862751,-244.572922,49.021586,47.853654,10.143803,226.992344,134.385164,132.295375,0.265674,0,0.310807,567.918506,10.463659,17.513155,135.39
20260613_175837,10.008,1,Left,62,100.000000,0.000000,100.000000,0.000000,0.033215,0.022246,0.062933,8,0.000000,0.000000,0.491010,0.949993,-0.015357,-0.340665,0.491010,0.142316,0.710936,0.006466,0.949993,0.710936,13.487735,17.280033,30.331375,-214.667633,-3.345049,-265.301941,51.578501,47.997063,30.998813,270.670501,33.783924,171.470624,0.345274,0,0.342384,613.544265,9.399230,18.734046,342.36
20260613_175837,10.008,1,Right,61,100.000000,0.000000,100.000000,0.000000,0.004527,0.010603,0.007321,2,0.000000,0.000000,0.079064,0.900000,-0.005432,-0.069985,0.079064,0.045250,0.835096,0.321324,0.900000,0.835096,17.126962,17.280033,-24.056381,-236.860458,-3.345049,-265.301941,51.578501,47.997063,9.589944,224.959249,134.385164,130.262280,0.264895,0,0.342384,613.544265,9.399230,18.734046,342.36
