run_id,elapsed_s,kalman_enabled,side,samples,leader_det_rate_pct,follower_det_rate_pct,det_rate_pct,stale_rate_pct,dsteer_mean_abs,dthr_mean_abs,pred_mae,pred_flips,steer_saturated_pct,throttle_saturated_pct,steer_max,throttle_max,steer_cmd_mean,steer_cmd_min,steer_cmd_max,steer_cmd_mean_abs,throttle_cmd_mean,throttle_cmd_min,throttle_cmd_max,throttle_cmd_mean_abs,speed_mps,leader_speed_mps,x_m,z_m,leader_x_m,leader_z_m,formation_size_mean_side_m,formation_size_mean_leader_to_followers_m,pos_error_m,mean_distance,min_distance,distance_error_mean,mean_formation_error,near_miss_count,formation_iou,formation_area_err,centroid_offset_m,per_boat_rms_m,fps
20260613_173538,5.005,1,Left,48,100.000000,0.000000,100.000000,0.000000,0.040350,0.027268,0.070408,5,0.000000,0.000000,0.491640,0.949992,-0.034712,-0.344862,0.491640,0.163597,0.715626,0.039033,0.949992,0.715626,13.125111,17.280045,23.414364,-193.179764,-0.928327,-243.129929,47.217576,45.871083,26.378903,242.078148,31.994069,155.438921,0.360593,0,0.340134,495.342365,9.199367,16.049163,341.67
20260613_173538,5.005,1,Right,48,100.000000,0.000000,100.000000,0.000000,0.004583,0.011117,0.008058,2,0.000000,0.000000,0.072846,0.900000,0.000210,-0.068730,0.072846,0.043649,0.836980,0.394892,0.900000,0.836980,16.951596,17.280045,-22.054193,-213.763123,-0.928327,-243.129929,47.217576,45.871083,8.768144,214.310990,131.843072,129.392511,0.272667,0,0.340134,495.342365,9.199367,16.049163,341.67
20260613_173538,10.016,1,Left,98,100.000000,0.000000,100.000000,0.000000,0.021348,0.013444,0.035660,7,0.000000,0.000000,0.491640,0.949992,0.009238,-0.344862,0.491640,0.106368,0.809628,0.039033,0.949992,0.809628,16.664551,17.280028,23.445763,-292.612366,-20.513300,-331.465179,43.732515,42.784398,28.678335,311.370912,31.994069,216.574526,0.342561,0,0.455410,203.037475,10.450085,16.910166,307.66
20260613_173538,10.016,1,Right,98,100.000000,0.000000,100.000000,0.000000,0.004352,0.009640,0.006722,3,0.000000,0.000000,0.134375,0.900000,0.020908,-0.068730,0.134375,0.055029,0.789315,0.394892,0.900000,0.789315,17.548389,17.280028,-20.589771,-304.564545,-20.513300,-331.465179,43.732515,42.784398,5.950986,182.212612,111.818301,97.294134,0.245715,0,0.455410,203.037475,10.450085,16.910166,307.66
