run_id,elapsed_s,kalman_enabled,side,samples,leader_det_rate_pct,follower_det_rate_pct,det_rate_pct,stale_rate_pct,dsteer_mean_abs,dthr_mean_abs,pred_mae,pred_flips,steer_saturated_pct,throttle_saturated_pct,steer_max,throttle_max,steer_cmd_mean,steer_cmd_min,steer_cmd_max,steer_cmd_mean_abs,throttle_cmd_mean,throttle_cmd_min,throttle_cmd_max,throttle_cmd_mean_abs,speed_mps,leader_speed_mps,x_m,z_m,leader_x_m,leader_z_m,formation_size_mean_side_m,formation_size_mean_leader_to_followers_m,pos_error_m,mean_distance,min_distance,distance_error_mean,mean_formation_error,near_miss_count,formation_iou,formation_area_err,centroid_offset_m,per_boat_rms_m,fps
20260613_175804,5.008,1,Left,50,100.000000,0.000000,100.000000,0.000000,0.046586,0.030245,0.086196,9,0.000000,0.000000,0.606701,0.949998,-0.055833,-0.437976,0.606701,0.196104,0.700539,0.039944,0.949998,0.700539,12.767138,17.280039,18.793419,-187.546509,-0.363433,-238.833389,46.264025,46.719499,26.535444,227.931254,29.842115,150.662686,0.372828,1,0.306150,476.565756,10.673824,16.379194,358.46
20260613_175804,5.008,1,Right,50,100.000000,0.000000,100.000000,0.000000,0.004235,0.011798,0.007266,2,0.000000,0.000000,0.070834,0.900000,0.004280,-0.069530,0.070834,0.046017,0.835808,0.315119,0.900000,0.835808,16.751457,17.280039,-22.219744,-206.906830,-0.363433,-238.833389,46.264025,46.719499,10.035148,229.052376,129.090541,134.355407,0.267338,0,0.306150,476.565756,10.673824,16.379194,358.46
